"from";"to"
"Loupos P.";"Peng Y."
"Loupos P.";"Li S."
"Loupos P.";"Hao H."
"Peng Y.";"Li S."
"Peng Y.";"Hao H."
"Li S.";"Hao H."
"Krefeld-Schwalb A.";"Scheibehenne B."
"Kronrod A.";"Gordeliy I."
"Kronrod A.";"Lee J.k."
"Gordeliy I.";"Lee J.k."
"Chang H.H.";"Mukherjee A."
"Chang H.H.";"Chattopadhyay A."
"Mukherjee A.";"Chattopadhyay A."
"Dobrucalı Yelkenci B.";"Özdağoğlu G."
"Dobrucalı Yelkenci B.";"İlter B."
"Özdağoğlu G.";"İlter B."
"Kumar A.";"Chakraborty S."
"Kumar A.";"Bala P.K."
"Chakraborty S.";"Bala P.K."
"Nilashi M.";"Abumalloh R.A."
"Nilashi M.";"Samad S."
"Nilashi M.";"Alrizq M."
"Nilashi M.";"Alyami S."
"Nilashi M.";"Alghamdi A."
"Abumalloh R.A.";"Samad S."
"Abumalloh R.A.";"Alrizq M."
"Abumalloh R.A.";"Alyami S."
"Abumalloh R.A.";"Alghamdi A."
"Samad S.";"Alrizq M."
"Samad S.";"Alyami S."
"Samad S.";"Alghamdi A."
"Alrizq M.";"Alyami S."
"Alrizq M.";"Alghamdi A."
"Alyami S.";"Alghamdi A."
"Sun B.";"Kang M."
"Sun B.";"Zhao S."
"Kang M.";"Zhao S."
"Rathee S.";"Yu-Buck G.F."
"Rathee S.";"Gupta A."
"Yu-Buck G.F.";"Gupta A."
"Zierau N.";"Hildebrand C."
"Zierau N.";"Bergner A."
"Zierau N.";"Busquet F."
"Zierau N.";"Schmitt A."
"Zierau N.";"Marco Leimeister J."
"Hildebrand C.";"Bergner A."
"Hildebrand C.";"Busquet F."
"Hildebrand C.";"Schmitt A."
"Hildebrand C.";"Marco Leimeister J."
"Bergner A.";"Busquet F."
"Bergner A.";"Schmitt A."
"Bergner A.";"Marco Leimeister J."
"Busquet F.";"Schmitt A."
"Busquet F.";"Marco Leimeister J."
"Schmitt A.";"Marco Leimeister J."
"Manley A.";"Seock Y.K."
"Manley A.";"Shin J."
"Seock Y.K.";"Shin J."
"Jalali N.";"Moon S."
"Jalali N.";"Kim M.Y."
"Moon S.";"Kim M.Y."
"Burkov I.";"Gorgadze A."
"Burkov I.";"Trabskaia I."
"Gorgadze A.";"Trabskaia I."
"Li M.";"Zhao L."
"Li M.";"Srinivas S."
"Zhao L.";"Srinivas S."
"Khan F.M.";"Khan S.A."
"Khan F.M.";"Shamim K."
"Khan F.M.";"Gupta Y."
"Khan F.M.";"Sherwani S.I."
"Khan S.A.";"Shamim K."
"Khan S.A.";"Gupta Y."
"Khan S.A.";"Sherwani S.I."
"Shamim K.";"Gupta Y."
"Shamim K.";"Sherwani S.I."
"Gupta Y.";"Sherwani S.I."
"Smith L.W.";"Rose R.L."
"Smith L.W.";"Zablah A.R."
"Smith L.W.";"McCullough H."
"Smith L.W.";"Saljoughian M."
"Rose R.L.";"Zablah A.R."
"Rose R.L.";"McCullough H."
"Rose R.L.";"Saljoughian M."
"Zablah A.R.";"McCullough H."
"Zablah A.R.";"Saljoughian M."
"McCullough H.";"Saljoughian M."
"Hussain A.";"Hannan A."
"Hussain A.";"Shafiq M."
"Hannan A.";"Shafiq M."
"Ryu K.";"Ryu K."
"Luangrath A.W.";"Xu Y."
"Luangrath A.W.";"Wang T."
"Xu Y.";"Wang T."
"Kim J.M.";"Ma H."
"Kim J.M.";"Park S."
"Ma H.";"Park S."
"Çallı L.";"Çallı L."
"Son Y.";"Kim W."
"Herhausen D.";"Grewal L."
"Herhausen D.";"Cummings K.H."
"Herhausen D.";"Roggeveen A.L."
"Herhausen D.";"Villarroel Ordenes F."
"Herhausen D.";"Grewal D."
"Grewal L.";"Cummings K.H."
"Grewal L.";"Roggeveen A.L."
"Grewal L.";"Villarroel Ordenes F."
"Grewal L.";"Grewal D."
"Cummings K.H.";"Roggeveen A.L."
"Cummings K.H.";"Villarroel Ordenes F."
"Cummings K.H.";"Grewal D."
"Roggeveen A.L.";"Villarroel Ordenes F."
"Roggeveen A.L.";"Grewal D."
"Villarroel Ordenes F.";"Grewal D."
"Park J.";"Yang D."
"Park J.";"Kim H.Y."
"Yang D.";"Kim H.Y."
"Hartmann J.";"Heitmann M."
"Hartmann J.";"Siebert C."
"Hartmann J.";"Schamp C."
"Heitmann M.";"Siebert C."
"Heitmann M.";"Schamp C."
"Siebert C.";"Schamp C."
"Roelen-Blasberg T.";"Habel J."
"Roelen-Blasberg T.";"Klarmann M."
"Habel J.";"Klarmann M."
"Carlson K.";"Kopalle P.K."
"Carlson K.";"Riddell A."
"Carlson K.";"Rockmore D."
"Carlson K.";"Vana P."
"Kopalle P.K.";"Riddell A."
"Kopalle P.K.";"Rockmore D."
"Kopalle P.K.";"Vana P."
"Riddell A.";"Rockmore D."
"Riddell A.";"Vana P."
"Rockmore D.";"Vana P."
"Ranfagni S.";"Milanesi M."
"Ranfagni S.";"Guercini S."
"Milanesi M.";"Guercini S."
"Won E.J.S.";"Oh Y.K."
"Won E.J.S.";"Choeh J.Y."
"Oh Y.K.";"Choeh J.Y."
"Cooper D.A.";"Yalcin T."
"Cooper D.A.";"Nistor C."
"Cooper D.A.";"Macrini M."
"Cooper D.A.";"Pehlivan E."
"Yalcin T.";"Nistor C."
"Yalcin T.";"Macrini M."
"Yalcin T.";"Pehlivan E."
"Nistor C.";"Macrini M."
"Nistor C.";"Pehlivan E."
"Macrini M.";"Pehlivan E."
"Lee N.";"Bollinger B."
"Lee N.";"Staelin R."
"Bollinger B.";"Staelin R."
"Chen Y.C.";"Arnold T."
"Chen Y.C.";"Liu P.Y."
"Chen Y.C.";"Huang C.Y."
"Arnold T.";"Liu P.Y."
"Arnold T.";"Huang C.Y."
"Liu P.Y.";"Huang C.Y."
"Moro S.";"Pires G."
"Moro S.";"Rita P."
"Moro S.";"Cortez P."
"Moro S.";"Ramos R.F."
"Pires G.";"Rita P."
"Pires G.";"Cortez P."
"Pires G.";"Ramos R.F."
"Rita P.";"Cortez P."
"Rita P.";"Ramos R.F."
"Cortez P.";"Ramos R.F."
"Woehler J.";"Ernst C."
"Montecchi M.";"Micheli M.R."
"Montecchi M.";"Campana M."
"Montecchi M.";"Schau H.J."
"Micheli M.R.";"Campana M."
"Micheli M.R.";"Schau H.J."
"Campana M.";"Schau H.J."
"Hartmann J.";"Bergner A."
"Hartmann J.";"Hildebrand C."
"Bergner A.";"Hildebrand C."
"Park S.K.";"Song T."
"Park S.K.";"Sela A."
"Song T.";"Sela A."
"Nam J.";"Balakrishnan M."
"Nam J.";"De Freitas J."
"Nam J.";"Brooks A.W."
"Balakrishnan M.";"De Freitas J."
"Balakrishnan M.";"Brooks A.W."
"De Freitas J.";"Brooks A.W."
"Sepehri A.";"Mirshafiee M.S."
"Sepehri A.";"Markowitz D.M."
"Mirshafiee M.S.";"Markowitz D.M."
"Pham T.";"Septianto F."
"Pham T.";"Mathmann F."
"Pham T.";"Jin H.S."
"Pham T.";"Higgins E.T."
"Septianto F.";"Mathmann F."
"Septianto F.";"Jin H.S."
"Septianto F.";"Higgins E.T."
"Mathmann F.";"Jin H.S."
"Mathmann F.";"Higgins E.T."
"Jin H.S.";"Higgins E.T."
"Wang Y.";"Xu X."
"Wang Y.";"Kuchmaner C.A."
"Wang Y.";"Xu R."
"Xu X.";"Kuchmaner C.A."
"Xu X.";"Xu R."
"Kuchmaner C.A.";"Xu R."
"Molenaar A.";"Jenkins E.L."
"Molenaar A.";"Brennan L."
"Molenaar A.";"Lukose D."
"Molenaar A.";"Adamski M."
"Molenaar A.";"McCaffrey T.A."
"Jenkins E.L.";"Brennan L."
"Jenkins E.L.";"Lukose D."
"Jenkins E.L.";"Adamski M."
"Jenkins E.L.";"McCaffrey T.A."
"Brennan L.";"Lukose D."
"Brennan L.";"Adamski M."
"Brennan L.";"McCaffrey T.A."
"Lukose D.";"Adamski M."
"Lukose D.";"McCaffrey T.A."
"Adamski M.";"McCaffrey T.A."
"Zhang X.";"Zhao Z."
"Zhang X.";"Wang K."
"Zhao Z.";"Wang K."
"Ceylan G.";"Diehl K."
"Ceylan G.";"Proserpio D."
"Diehl K.";"Proserpio D."
"Ray A.";"Bala P.K."
"Ray A.";"Rana N.P."
"Bala P.K.";"Rana N.P."
"Tandilashvili N.";"Balech S."
"Tandilashvili N.";"Tabatadze M."
"Balech S.";"Tabatadze M."
"Yu B.";"Yu B."
"Tsai W.H.S.";"Chuan C.H."
"Rathee S.";"Banker S."
"Rathee S.";"Mishra A."
"Rathee S.";"Mishra H."
"Banker S.";"Mishra A."
"Banker S.";"Mishra H."
"Mishra A.";"Mishra H."
"Chen J.";"Layous K."
"Chen J.";"Wildschut T."
"Chen J.";"Sedikides C."
"Layous K.";"Wildschut T."
"Layous K.";"Sedikides C."
"Wildschut T.";"Sedikides C."
"Gursoy D.";"Li Y."
"Gursoy D.";"Song H."
"Li Y.";"Song H."
"Wang L.";"Gao H."
"Wang L.";"Zhao Y."
"Gao H.";"Zhao Y."
"Berger J.";"Moe W.W."
"Berger J.";"Schweidel D.A."
"Moe W.W.";"Schweidel D.A."
"Umashankar N.";"Kim K.H."
"Umashankar N.";"Reutterer T."
"Kim K.H.";"Reutterer T."
"Camilleri E.";"Garg N."
"Camilleri E.";"Miah S.J."
"Garg N.";"Miah S.J."
"Ahmad S.N.";"Laroche M."
"Bilro R.G.";"Loureiro S.M.C."
"Bilro R.G.";"Souto P."
"Loureiro S.M.C.";"Souto P."
"Dey A.";"Carson S.J."
"de Regt A.";"Cheng Z."
"de Regt A.";"Fawaz R."
"Cheng Z.";"Fawaz R."
"Mathur A.";"Mathur A."
"Weismueller J.";"Gruner R.L."
"Weismueller J.";"Harrigan P."
"Gruner R.L.";"Harrigan P."
"Wen Z.";"Pentina I."
"Amjad T.";"Dent M.M."
"Amjad T.";"Abu Mansor N.N."
"Dent M.M.";"Abu Mansor N.N."
"Ferreira C.";"Robertson J."
"Ferreira C.";"Chohan R."
"Ferreira C.";"Pitt C."
"Robertson J.";"Chohan R."
"Robertson J.";"Pitt C."
"Chohan R.";"Pitt C."
"Jung M.";"Lee Y.L."
"Jung M.";"Chung J.E."
"Lee Y.L.";"Chung J.E."
"Boghrati R.";"Berger J."
"Boghrati R.";"Packard G."
"Berger J.";"Packard G."
"Srivastava V.";"Kalro A.D."
"Srivastava V.";"Raizada G."
"Srivastava V.";"Sharma D."
"Kalro A.D.";"Raizada G."
"Kalro A.D.";"Sharma D."
"Raizada G.";"Sharma D."
"Wang Q.";"Ch’ng E."
"Wang Q.";"Xu X."
"Wang Q.";"Wang J."
"Wang Q.";"Zhang Y."
"Ch’ng E.";"Xu X."
"Ch’ng E.";"Wang J."
"Ch’ng E.";"Zhang Y."
"Xu X.";"Wang J."
"Xu X.";"Zhang Y."
"Wang J.";"Zhang Y."
"Lappeman J.";"Goder A."
"Lappeman J.";"Naicker K."
"Lappeman J.";"Faruki H."
"Lappeman J.";"Gordon P."
"Goder A.";"Naicker K."
"Goder A.";"Faruki H."
"Goder A.";"Gordon P."
"Naicker K.";"Faruki H."
"Naicker K.";"Gordon P."
"Faruki H.";"Gordon P."
"Ramos R.F.";"Rita P."
"Ramos R.F.";"Moro S."
"Rita P.";"Moro S."
"Frau M.";"Cabiddu F."
"Frau M.";"Frigau L."
"Frau M.";"Tomczyk P."
"Frau M.";"Mola F."
"Cabiddu F.";"Frigau L."
"Cabiddu F.";"Tomczyk P."
"Cabiddu F.";"Mola F."
"Frigau L.";"Tomczyk P."
"Frigau L.";"Mola F."
"Tomczyk P.";"Mola F."
"Stürmer L.";"Einwiller S."
"Xiao L.";"Li X."
"Xiao L.";"Zhang Y."
"Li X.";"Zhang Y."
"Wang F.";"Xu H."
"Wang F.";"Hou R."
"Wang F.";"Zhu Z."
"Xu H.";"Hou R."
"Xu H.";"Zhu Z."
"Hou R.";"Zhu Z."
"Li X.";"Xu M."
"Li X.";"Zeng W."
"Li X.";"Tse Y.K."
"Li X.";"Chan H.K."
"Xu M.";"Zeng W."
"Xu M.";"Tse Y.K."
"Xu M.";"Chan H.K."
"Zeng W.";"Tse Y.K."
"Zeng W.";"Chan H.K."
"Tse Y.K.";"Chan H.K."
"Wu J.";"Zhao N."
"Pham T.";"Mathmann F."
"Pham T.";"Jin H.S."
"Pham T.";"Higgins E.T."
"Mathmann F.";"Jin H.S."
"Mathmann F.";"Higgins E.T."
"Jin H.S.";"Higgins E.T."
"Swilley E.";"Walker D."
"Swilley E.";"Chilton M.A."
"Walker D.";"Chilton M.A."
"Saran S.M.";"Shokouhyar S."
"Novera C.N.";"Ahmed Z."
"Novera C.N.";"Kushol R."
"Novera C.N.";"Wanke P."
"Novera C.N.";"Azad M.A.K."
"Ahmed Z.";"Kushol R."
"Ahmed Z.";"Wanke P."
"Ahmed Z.";"Azad M.A.K."
"Kushol R.";"Wanke P."
"Kushol R.";"Azad M.A.K."
"Wanke P.";"Azad M.A.K."
"Yu B.";"Yu B."
"Brandes L.";"Dover Y."
"Özer M.";"Özer A."
"Özer M.";"Ekinci Y."
"Özer M.";"Koçak A."
"Özer A.";"Ekinci Y."
"Özer A.";"Koçak A."
"Ekinci Y.";"Koçak A."
"Ballestar M.T.";"Martín-Llaguno M."
"Ballestar M.T.";"Sainz J."
"Martín-Llaguno M.";"Sainz J."
"Alqtati N.";"Wilson J.A.J."
"Alqtati N.";"De Silva V."
"Wilson J.A.J.";"De Silva V."
"Song X.";"Mo Z."
"Song X.";"Liu M.T."
"Song X.";"Niu B."
"Song X.";"Huang L."
"Mo Z.";"Liu M.T."
"Mo Z.";"Niu B."
"Mo Z.";"Huang L."
"Liu M.T.";"Niu B."
"Liu M.T.";"Huang L."
"Niu B.";"Huang L."
"Seočanac M.";"Dimitrovski D."
"Cooper H.B.";"Ewing M.T."
"Cooper H.B.";"Mishra S."
"Ewing M.T.";"Mishra S."
"Wei Z.";"Zhang M."
"Wei Z.";"Qiao T."
"Zhang M.";"Qiao T."
"Jang H.";"Chu W."
"Shankar V.";"Parsana S."
"Sun B.";"Mao H."
"Sun B.";"Yin C."
"Mao H.";"Yin C."
"Wang X.";"He J."
"Wang X.";"Curry D.J."
"Wang X.";"Ryoo J.H."
"He J.";"Curry D.J."
"He J.";"Ryoo J.H."
"Curry D.J.";"Ryoo J.H."
"Dubiel A.";"Mukherji P."
"Berger J.";"Rocklage M.D."
"Berger J.";"Packard G."
"Rocklage M.D.";"Packard G."
"Meire M.";"Coussement K."
"Meire M.";"De Caigny A."
"Meire M.";"Hoornaert S."
"Coussement K.";"De Caigny A."
"Coussement K.";"Hoornaert S."
"De Caigny A.";"Hoornaert S."
"Treen E.";"Yu Y."
"Tsao H.Y.";"Campbell C."
"Tsao H.Y.";"Sands S."
"Tsao H.Y.";"Mavrommatis A."
"Campbell C.";"Sands S."
"Campbell C.";"Mavrommatis A."
"Sands S.";"Mavrommatis A."
"Flores O.M.C.";"Cervantes V.M."
"Flores O.M.C.";"Cervera C.M."
"Flores O.M.C.";"De la Vega Meneses J.G."
"Cervantes V.M.";"Cervera C.M."
"Cervantes V.M.";"De la Vega Meneses J.G."
"Cervera C.M.";"De la Vega Meneses J.G."
"Sağkaya Güngör A.";"Ozansoy Çadırcı T."
"Ozansoy Çadlrcl T.";"Ozansoy Çadlrcl T."
"Hudaefi F.A.";"Badeges A.M."
"Lam J.";"Mulvey M.S."
"Lam J.";"Robson K."
"Mulvey M.S.";"Robson K."
"Truong T.(.";"Ludwig S."
"Truong T.(.";"Mooi E."
"Truong T.(.";"Bove L."
"Ludwig S.";"Mooi E."
"Ludwig S.";"Bove L."
"Mooi E.";"Bove L."
"Thaichon P.";"Quach S."
"Thaichon P.";"Ngo L.V."
"Quach S.";"Ngo L.V."
"Cavique M.";"Correia A."
"Cavique M.";"Ribeiro R."
"Cavique M.";"Batista F."
"Correia A.";"Ribeiro R."
"Correia A.";"Batista F."
"Ribeiro R.";"Batista F."
"Rahimi R.";"Thelwall M."
"Rahimi R.";"Okumus F."
"Rahimi R.";"Bilgihan A."
"Thelwall M.";"Okumus F."
"Thelwall M.";"Bilgihan A."
"Okumus F.";"Bilgihan A."
"Lopez A.";"Garza R."
"Alzate M.";"Arce-Urriza M."
"Alzate M.";"Cebollada J."
"Arce-Urriza M.";"Cebollada J."
"Ludwig S.";"Herhausen D."
"Ludwig S.";"Grewal D."
"Ludwig S.";"Bove L."
"Ludwig S.";"Benoit S."
"Ludwig S.";"de Ruyter K."
"Ludwig S.";"Urwin P."
"Herhausen D.";"Grewal D."
"Herhausen D.";"Bove L."
"Herhausen D.";"Benoit S."
"Herhausen D.";"de Ruyter K."
"Herhausen D.";"Urwin P."
"Grewal D.";"Bove L."
"Grewal D.";"Benoit S."
"Grewal D.";"de Ruyter K."
"Grewal D.";"Urwin P."
"Bove L.";"Benoit S."
"Bove L.";"de Ruyter K."
"Bove L.";"Urwin P."
"Benoit S.";"de Ruyter K."
"Benoit S.";"Urwin P."
"de Ruyter K.";"Urwin P."
"Bilro R.G.";"Loureiro S.M.C."
"Bilro R.G.";"dos Santos J.F."
"Loureiro S.M.C.";"dos Santos J.F."
"Shumanov M.";"Cooper H."
"Shumanov M.";"Ewing M."
"Cooper H.";"Ewing M."
"Lee J.K.";"Junque De Fortuny E."
"Chakraborty I.";"Kim M."
"Chakraborty I.";"Sudhir K."
"Kim M.";"Sudhir K."
"Li J.";"McCrary R."
"Peng L.";"Cui G."
"Peng L.";"Bao Z."
"Peng L.";"Liu S."
"Cui G.";"Bao Z."
"Cui G.";"Liu S."
"Bao Z.";"Liu S."
"Swaminathan V.";"Schwartz H.A."
"Swaminathan V.";"Menezes R."
"Swaminathan V.";"Hill S."
"Schwartz H.A.";"Menezes R."
"Schwartz H.A.";"Hill S."
"Menezes R.";"Hill S."
"Vadakkepatt G.G.";"Arora S."
"Vadakkepatt G.G.";"Martin K.D."
"Vadakkepatt G.G.";"Paharia N."
"Arora S.";"Martin K.D."
"Arora S.";"Paharia N."
"Martin K.D.";"Paharia N."
"Danner H.";"Thøgersen J."
"Mittal D.";"Agrawal S.R."
"Shi Z.";"Liu X."
"Shi Z.";"Srinivasan K."
"Liu X.";"Srinivasan K."
"Mariani M.M.";"Perez-Vega R."
"Mariani M.M.";"Wirtz J."
"Perez-Vega R.";"Wirtz J."
"Riedel A.";"Messenger D."
"Riedel A.";"Fleischman D."
"Riedel A.";"Mulcahy R."
"Messenger D.";"Fleischman D."
"Messenger D.";"Mulcahy R."
"Fleischman D.";"Mulcahy R."
"Burki U.";"Najam U."
"Burki U.";"Dahlstrom R."
"Najam U.";"Dahlstrom R."
"Zaremba A.";"Zaremba A."
"Penpece Demirer D.";"Büyükeke A."
"Moon S.";"Iacobucci D."
"Gelter J.";"Fuchs M."
"Gelter J.";"Lexhagen M."
"Fuchs M.";"Lexhagen M."
"Alantari H.J.";"Currim I.S."
"Alantari H.J.";"Deng Y."
"Alantari H.J.";"Singh S."
"Currim I.S.";"Deng Y."
"Currim I.S.";"Singh S."
"Deng Y.";"Singh S."
"Rave J.I.P.";"Álvarez G.P.J."
"Rave J.I.P.";"Morales J.C.C."
"Álvarez G.P.J.";"Morales J.C.C."
"Yi J.";"Oh Y.K."
"Chung J.";"Johar G.V."
"Chung J.";"Li Y."
"Chung J.";"Netzer O."
"Chung J.";"Pearson M."
"Johar G.V.";"Li Y."
"Johar G.V.";"Netzer O."
"Johar G.V.";"Pearson M."
"Li Y.";"Netzer O."
"Li Y.";"Pearson M."
"Netzer O.";"Pearson M."
"Narang U.";"Yadav M.S."
"Narang U.";"Rindfleisch A."
"Yadav M.S.";"Rindfleisch A."
"Li J.";"Leonas K.K."
"Das S.";"Mondal S."
"Das S.";"Puri V."
"Das S.";"Vrana V."
"Mondal S.";"Puri V."
"Mondal S.";"Vrana V."
"Puri V.";"Vrana V."
"Klaus P.";"Manthiou A."
"Klaus P.";"Luong V.H."
"Manthiou A.";"Luong V.H."
"Murtas G.";"Pedeliento G."
"Murtas G.";"Mangiò F."
"Murtas G.";"Andreini D."
"Pedeliento G.";"Mangiò F."
"Pedeliento G.";"Andreini D."
"Mangiò F.";"Andreini D."
"Xiao J.";"Yang Z."
"Xiao J.";"Li Z."
"Xiao J.";"Chen Z."
"Yang Z.";"Li Z."
"Yang Z.";"Chen Z."
"Li Z.";"Chen Z."
"Hong J.";"Hoban P.R."
"Pérez Rave J.I.";"Jaramillo Álvarez G.P."
"Pérez Rave J.I.";"Correa Morales J.C."
"Jaramillo Álvarez G.P.";"Correa Morales J.C."
"Yao A.";"Yao A."
"Mehmet M.I.";"D’Alessandro S."
"Taka T.";"Taka T."
"Sidlauskiene J.";"Sidlauskiene J."
"Tang Q.";"Raithel S."
"Tang Q.";"Mafael A."
"Tang Q.";"Galande A.S."
"Raithel S.";"Mafael A."
"Raithel S.";"Galande A.S."
"Mafael A.";"Galande A.S."
"Hyder A.";"Nag R."
"Marriott H.R.";"Pitardi V."
"Li Q.";"Zheng Y."
"Li Q.";"Zhan G."
"Zheng Y.";"Zhan G."
"Tang Q.";"Raithel S."
"Tang Q.";"Mafael A."
"Tang Q.";"Galande A.S."
"Raithel S.";"Mafael A."
"Raithel S.";"Galande A.S."
"Mafael A.";"Galande A.S."
"Berger J.";"Packard G."
"Berger J.";"Boghrati R."
"Berger J.";"Hsu M."
"Berger J.";"Humphreys A."
"Berger J.";"Luangrath A."
"Berger J.";"Moore S."
"Berger J.";"Nave G."
"Berger J.";"Olivola C."
"Berger J.";"Rocklage M."
"Packard G.";"Boghrati R."
"Packard G.";"Hsu M."
"Packard G.";"Humphreys A."
"Packard G.";"Luangrath A."
"Packard G.";"Moore S."
"Packard G.";"Nave G."
"Packard G.";"Olivola C."
"Packard G.";"Rocklage M."
"Boghrati R.";"Hsu M."
"Boghrati R.";"Humphreys A."
"Boghrati R.";"Luangrath A."
"Boghrati R.";"Moore S."
"Boghrati R.";"Nave G."
"Boghrati R.";"Olivola C."
"Boghrati R.";"Rocklage M."
"Hsu M.";"Humphreys A."
"Hsu M.";"Luangrath A."
"Hsu M.";"Moore S."
"Hsu M.";"Nave G."
"Hsu M.";"Olivola C."
"Hsu M.";"Rocklage M."
"Humphreys A.";"Luangrath A."
"Humphreys A.";"Moore S."
"Humphreys A.";"Nave G."
"Humphreys A.";"Olivola C."
"Humphreys A.";"Rocklage M."
"Luangrath A.";"Moore S."
"Luangrath A.";"Nave G."
"Luangrath A.";"Olivola C."
"Luangrath A.";"Rocklage M."
"Moore S.";"Nave G."
"Moore S.";"Olivola C."
"Moore S.";"Rocklage M."
"Nave G.";"Olivola C."
"Nave G.";"Rocklage M."
"Olivola C.";"Rocklage M."
"Milán P.N.";"Sanz M.P."
"Milán P.N.";"Vázquez Y.G."
"Sanz M.P.";"Vázquez Y.G."
"Mander H.";"Cheng Z.(."
"Mander H.";"De Regt A."
"Mander H.";"Fawaz R."
"Mander H.";"Montecchi M."
"Cheng Z.(.";"De Regt A."
"Cheng Z.(.";"Fawaz R."
"Cheng Z.(.";"Montecchi M."
"De Regt A.";"Fawaz R."
"De Regt A.";"Montecchi M."
"Fawaz R.";"Montecchi M."
"Hyder A.";"Nag R."
"Krey N.";"Wu S."
"Krey N.";"Hsiao S.H."
"Wu S.";"Hsiao S.H."
"Kefi H.";"Aouina-Mejri C."
"Napolitan M.";"Pantano E."
"Napolitan M.";"Stylos N."
"Napolitan M.";"de Pietro M."
"Pantano E.";"Stylos N."
"Pantano E.";"de Pietro M."
"Stylos N.";"de Pietro M."
"Li L.";"(Mia) Cheng Z."
"Li L.";"de Regt A."
"Li L.";"Hao J."
"Li L.";"Montecchi M."
"(Mia) Cheng Z.";"de Regt A."
"(Mia) Cheng Z.";"Hao J."
"(Mia) Cheng Z.";"Montecchi M."
"de Regt A.";"Hao J."
"de Regt A.";"Montecchi M."
"Hao J.";"Montecchi M."
"Oliveira P.M.";"Guerreiro J."
"Oliveira P.M.";"Rita P."
"Guerreiro J.";"Rita P."
"Aleem A.";"Loureiro S.M.C."
"Aleem A.";"Bilro R.G."
"Loureiro S.M.C.";"Bilro R.G."
"Schlegelmilch B.B.";"Sharma K."
"Schlegelmilch B.B.";"Garg S."
"Sharma K.";"Garg S."
"Ho C.I.";"Chen M.C."
"Ho C.I.";"Shih Y.W."
"Chen M.C.";"Shih Y.W."
"La L.";"Xu F."
"La L.";"Ren Q."
"La L.";"Zhen F."
"La L.";"Lobsang T."
"Xu F.";"Ren Q."
"Xu F.";"Zhen F."
"Xu F.";"Lobsang T."
"Ren Q.";"Zhen F."
"Ren Q.";"Lobsang T."
"Zhen F.";"Lobsang T."
"Liu Y.";"Liu S."
"Liu Y.";"Ye D."
"Liu Y.";"Tang H."
"Liu Y.";"Wang F."
"Liu S.";"Ye D."
"Liu S.";"Tang H."
"Liu S.";"Wang F."
"Ye D.";"Tang H."
"Ye D.";"Wang F."
"Tang H.";"Wang F."
"Gratz E.T.";"Sarkees M.E."
"Gratz E.T.";"Fitzgerald M.P."
"Sarkees M.E.";"Fitzgerald M.P."
"Sulistyaningsih T.";"Jainuri J."
"Sulistyaningsih T.";"Salahudin S."
"Sulistyaningsih T.";"Jovita H.D."
"Sulistyaningsih T.";"Nurmandi A."
"Jainuri J.";"Salahudin S."
"Jainuri J.";"Jovita H.D."
"Jainuri J.";"Nurmandi A."
"Salahudin S.";"Jovita H.D."
"Salahudin S.";"Nurmandi A."
"Jovita H.D.";"Nurmandi A."
"Demirel A.";"Demirel A."
"Longoni C.";"Cian L."
"Mingo I.";"Kola P."
"Hartmann J.";"Heitmann M."
"Hartmann J.";"Schamp C."
"Hartmann J.";"Netzer O."
"Heitmann M.";"Schamp C."
"Heitmann M.";"Netzer O."
"Schamp C.";"Netzer O."
"Lee J.K.";"Lee J.K."
"Humphreys A.";"Isaac M.S."
"Humphreys A.";"Wang R.J.H."
"Isaac M.S.";"Wang R.J.H."
"Melumad S.";"Meyer R."
"Melumad S.";"Kim Y.D."
"Meyer R.";"Kim Y.D."
"Bright L.F.";"Sussman K.L."
"Bright L.F.";"Wilcox G.B."
"Sussman K.L.";"Wilcox G.B."
"Lebmeier E.";"Hou N."
"Lebmeier E.";"Spann K."
"Lebmeier E.";"Aßenmacher M."
"Hou N.";"Spann K."
"Hou N.";"Aßenmacher M."
"Spann K.";"Aßenmacher M."
"Gross T.W.";"Gross T.W."
"Ahmad F.";"Guzmán F."
"Dhillon P.S.";"Aral S."
"Verkijika S.F.";"Neneh B.N."
"Petruzzellis L.";"Fronzetti Colladon A."
"Petruzzellis L.";"Visentin M."
"Petruzzellis L.";"Chebat J.C."
"Fronzetti Colladon A.";"Visentin M."
"Fronzetti Colladon A.";"Chebat J.C."
"Visentin M.";"Chebat J.C."
"Sánchez-Franco M.J.";"Arenas-Márquez F.J."
"Sánchez-Franco M.J.";"Alonso-Dos-Santos M."
"Arenas-Márquez F.J.";"Alonso-Dos-Santos M."
"Loureiro S.M.C.";"Bilro R.G."
"Loureiro S.M.C.";"Angelino F.J.d.A."
"Bilro R.G.";"Angelino F.J.d.A."
"Hovy D.";"Melumad S."
"Hovy D.";"Inman J.J."
"Melumad S.";"Inman J.J."
"Gunasekar S.";"Kumar D.S."
"Gunasekar S.";"Purani K."
"Gunasekar S.";"Sudhakar S."
"Gunasekar S.";"Dixit S.K."
"Gunasekar S.";"Menon D."
"Kumar D.S.";"Purani K."
"Kumar D.S.";"Sudhakar S."
"Kumar D.S.";"Dixit S.K."
"Kumar D.S.";"Menon D."
"Purani K.";"Sudhakar S."
"Purani K.";"Dixit S.K."
"Purani K.";"Menon D."
"Sudhakar S.";"Dixit S.K."
"Sudhakar S.";"Menon D."
"Dixit S.K.";"Menon D."
"Alzate M.";"Arce-Urriza M."
"Alzate M.";"Cebollada J."
"Arce-Urriza M.";"Cebollada J."
"Puranam D.";"Kadiyali V."
"Puranam D.";"Narayan V."
"Kadiyali V.";"Narayan V."
"Jedidi K.";"Schmitt B.H."
"Jedidi K.";"Ben Sliman M."
"Jedidi K.";"Li Y."
"Schmitt B.H.";"Ben Sliman M."
"Schmitt B.H.";"Li Y."
"Ben Sliman M.";"Li Y."
"Nilashi M.";"Ahmadi H."
"Nilashi M.";"Arji G."
"Nilashi M.";"Alsalem K.O."
"Nilashi M.";"Samad S."
"Nilashi M.";"Ghabban F."
"Nilashi M.";"Alzahrani A.O."
"Nilashi M.";"Ahani A."
"Nilashi M.";"Alarood A.A."
"Ahmadi H.";"Arji G."
"Ahmadi H.";"Alsalem K.O."
"Ahmadi H.";"Samad S."
"Ahmadi H.";"Ghabban F."
"Ahmadi H.";"Alzahrani A.O."
"Ahmadi H.";"Ahani A."
"Ahmadi H.";"Alarood A.A."
"Arji G.";"Alsalem K.O."
"Arji G.";"Samad S."
"Arji G.";"Ghabban F."
"Arji G.";"Alzahrani A.O."
"Arji G.";"Ahani A."
"Arji G.";"Alarood A.A."
"Alsalem K.O.";"Samad S."
"Alsalem K.O.";"Ghabban F."
"Alsalem K.O.";"Alzahrani A.O."
"Alsalem K.O.";"Ahani A."
"Alsalem K.O.";"Alarood A.A."
"Samad S.";"Ghabban F."
"Samad S.";"Alzahrani A.O."
"Samad S.";"Ahani A."
"Samad S.";"Alarood A.A."
"Ghabban F.";"Alzahrani A.O."
"Ghabban F.";"Ahani A."
"Ghabban F.";"Alarood A.A."
"Alzahrani A.O.";"Ahani A."
"Alzahrani A.O.";"Alarood A.A."
"Ahani A.";"Alarood A.A."
"Warren N.L.";"Farmer M."
"Warren N.L.";"Gu T."
"Warren N.L.";"Warren C."
"Farmer M.";"Gu T."
"Farmer M.";"Warren C."
"Gu T.";"Warren C."
"Milne G.R.";"Kaplan B."
"Milne G.R.";"Walker K.L."
"Milne G.R.";"Zacharias L."
"Kaplan B.";"Walker K.L."
"Kaplan B.";"Zacharias L."
"Walker K.L.";"Zacharias L."
"Robertson J.";"Ferreira C."
"Robertson J.";"Paschen J."
"Ferreira C.";"Paschen J."
"Berger J.";"Kim Y.D."
"Berger J.";"Meyer R."
"Kim Y.D.";"Meyer R."
"Feng C.M.";"Park A."
"Feng C.M.";"Pitt L."
"Feng C.M.";"Kietzmann J."
"Feng C.M.";"Northey G."
"Park A.";"Pitt L."
"Park A.";"Kietzmann J."
"Park A.";"Northey G."
"Pitt L.";"Kietzmann J."
"Pitt L.";"Northey G."
"Kietzmann J.";"Northey G."
"Faraoni M.";"Faraoni M."
"Vogel E.A.";"Pechmann C."
"Sepehri A.";"Duclos R."
"Sepehri A.";"Kristofferson K."
"Sepehri A.";"Vinoo P."
"Sepehri A.";"Elahi H."
"Duclos R.";"Kristofferson K."
"Duclos R.";"Vinoo P."
"Duclos R.";"Elahi H."
"Kristofferson K.";"Vinoo P."
"Kristofferson K.";"Elahi H."
"Vinoo P.";"Elahi H."
"Montoro-Pons J.D.";"Caballer-Tarazona M."
"Montoro-Pons J.D.";"Cuadrado-García M."
"Caballer-Tarazona M.";"Cuadrado-García M."
"Moon S.";"Jalali N."
"Moon S.";"Erevelles S."
"Jalali N.";"Erevelles S."
"Scheld D.";"Stolper O."
"Scheld D.";"Walter A."
"Stolper O.";"Walter A."
"Woolley K.";"Sharif M.A."
"Lin Y.";"Yao D."
"Lin Y.";"Chen X."
"Yao D.";"Chen X."
"Alaparthi S.";"Mishra M."
"Moon S.";"Kim M.Y."
"Moon S.";"Iacobucci D."
"Kim M.Y.";"Iacobucci D."
"Lang C.";"Xia S."
"Lang C.";"Liu C."
"Xia S.";"Liu C."
"Mao L.L.";"Mao L.L."
"Xu Z.";"Vail C."
"Xu Z.";"Kohli A.S."
"Xu Z.";"Tajdini S."
"Vail C.";"Kohli A.S."
"Vail C.";"Tajdini S."
"Kohli A.S.";"Tajdini S."
"Mathaisel D.F.X.";"Comm C.L."
"Packard G.";"Berger J."
"Nguyen P.";"Wang X.S."
"Nguyen P.";"Li X.I."
"Nguyen P.";"Cotte J."
"Wang X.S.";"Li X.I."
"Wang X.S.";"Cotte J."
"Li X.I.";"Cotte J."
"Verma S.";"Yadav N."
"Pezzuti T.";"Leonhardt J.M."
"Pezzuti T.";"Warren C."
"Leonhardt J.M.";"Warren C."
"Liu M.T.";"Liu Y."
"Liu M.T.";"Mo Z."
"Liu M.T.";"Ng K.L."
"Liu Y.";"Mo Z."
"Liu Y.";"Ng K.L."
"Mo Z.";"Ng K.L."
"Oh Y.K.";"Kim J.M."
"Jiang S.";"Pu R."
"Vadalkar S.";"Chavan G."
"Vadalkar S.";"Chaudhuri R."
"Vadalkar S.";"Vrontis D."
"Chavan G.";"Chaudhuri R."
"Chavan G.";"Vrontis D."
"Chaudhuri R.";"Vrontis D."
"Vollero A.";"Sardanelli D."
"Vollero A.";"Siano A."
"Sardanelli D.";"Siano A."
"Ramos R.F.";"Rita P."
"Ramos R.F.";"Moro S."
"Rita P.";"Moro S."
"Muñoz-Leiva F.";"Rodríguez López M.E."
"Muñoz-Leiva F.";"Liebana-Cabanillas F."
"Muñoz-Leiva F.";"Moro S."
"Rodríguez López M.E.";"Liebana-Cabanillas F."
"Rodríguez López M.E.";"Moro S."
"Liebana-Cabanillas F.";"Moro S."
"Gaynor S.R.W.";"Gimpel J.G."
"Fresneda J.E.";"Burnham T.A."
"Fresneda J.E.";"Hill C.H."
"Burnham T.A.";"Hill C.H."
"Aakash A.";"Tandon A."
"Aakash A.";"Gupta Aggarwal A."
"Tandon A.";"Gupta Aggarwal A."
"Du R.Y.";"Netzer O."
"Du R.Y.";"Schweidel D.A."
"Du R.Y.";"Mitra D."
"Netzer O.";"Schweidel D.A."
"Netzer O.";"Mitra D."
"Schweidel D.A.";"Mitra D."
"Delbaere M.";"Michael B."
"Delbaere M.";"Phillips B.J."
"Michael B.";"Phillips B.J."
"Moriuchi E.";"Moriuchi E."
"Ray A.";"Bala P.K."
"Ray A.";"Dwivedi Y.K."
"Bala P.K.";"Dwivedi Y.K."
"Romero-Domínguez L.";"Martín-Santana J.D."
"Romero-Domínguez L.";"Sánchez-Medina A.J."
"Romero-Domínguez L.";"Beerli-Palacio A."
"Martín-Santana J.D.";"Sánchez-Medina A.J."
"Martín-Santana J.D.";"Beerli-Palacio A."
"Sánchez-Medina A.J.";"Beerli-Palacio A."
"Pitt C.";"Pitt C."
"Bilro R.G.";"Loureiro S.M.C."
"Risi E.";"Di Fraia G."
"Marine-Roig E.";"Huertas A."
"Santos M.V.";"Brandão A.M.P.C."
"Shen C.w.";"Luong T.h."
"Shen C.w.";"Ho J.t."
"Shen C.w.";"Djailani I."
"Luong T.h.";"Ho J.t."
"Luong T.h.";"Djailani I."
"Ho J.t.";"Djailani I."
"Moro S.";"Lopes R.J."
"Moro S.";"Esmerado J."
"Moro S.";"Botelho M."
"Lopes R.J.";"Esmerado J."
"Lopes R.J.";"Botelho M."
"Esmerado J.";"Botelho M."
"Martin S.";"Grüb B."
"Arunachalam S.";"Bahadir S.C."
"Arunachalam S.";"Bharadwaj S.G."
"Arunachalam S.";"Guesalaga R."
"Bahadir S.C.";"Bharadwaj S.G."
"Bahadir S.C.";"Guesalaga R."
"Bharadwaj S.G.";"Guesalaga R."
"Hu F.";"Hu F."
"Zhong N.";"Schweidel D.A."
"Büschken J.";"Allenby G.M."
"Homburg C.";"Theel M."
"Homburg C.";"Hohenberg S."
"Theel M.";"Hohenberg S."
"Wu J.J.";"Chang S.T."
"van Dieijen M.";"Borah A."
"van Dieijen M.";"Tellis G.J."
"van Dieijen M.";"Franses P.H."
"Borah A.";"Tellis G.J."
"Borah A.";"Franses P.H."
"Tellis G.J.";"Franses P.H."
"Cripps H.";"Singh A."
"Cripps H.";"Mejtoft T."
"Cripps H.";"Salo J."
"Singh A.";"Mejtoft T."
"Singh A.";"Salo J."
"Mejtoft T.";"Salo J."
"Melumad S.";"Meyer R."
"Ryu D.H.";"Lim C."
"Ryu D.H.";"Kim K.J."
"Lim C.";"Kim K.J."
"Berni R.";"Nikiforova N.D."
"Berni R.";"Ranfagni S."
"Nikiforova N.D.";"Ranfagni S."
"Zaki M.";"McColl-Kennedy J.R."
"Roy A.";"Guria S."
"Roy A.";"Halder S."
"Roy A.";"Banerjee S."
"Roy A.";"Mandal S."
"Guria S.";"Halder S."
"Guria S.";"Banerjee S."
"Guria S.";"Mandal S."
"Halder S.";"Banerjee S."
"Halder S.";"Mandal S."
"Banerjee S.";"Mandal S."
"Kietzmann J.";"Pitt L.F."
"Mishra S.";"Ewing M.T."
"Hung Y.C.";"Guan C."
"Key T.M.";"Keel A.L."
"Tsao H.Y.(.";"Campbell C.L."
"Tsao H.Y.(.";"Sands S."
"Tsao H.Y.(.";"Ferraro C."
"Tsao H.Y.(.";"Mavrommatis A."
"Tsao H.Y.(.";"Lu S.(."
"Campbell C.L.";"Sands S."
"Campbell C.L.";"Ferraro C."
"Campbell C.L.";"Mavrommatis A."
"Campbell C.L.";"Lu S.(."
"Sands S.";"Ferraro C."
"Sands S.";"Mavrommatis A."
"Sands S.";"Lu S.(."
"Ferraro C.";"Mavrommatis A."
"Ferraro C.";"Lu S.(."
"Mavrommatis A.";"Lu S.(."
"Singh S.K.";"Marinova D."
"Singh S.K.";"Singh J."
"Marinova D.";"Singh J."
"Winkler H.";"Rieger V."
"Winkler H.";"Engelen A."
"Rieger V.";"Engelen A."
"Pitt C.S.";"Bal A.S."
"Pitt C.S.";"Plangger K."
"Bal A.S.";"Plangger K."
"Li Y.";"Xie Y."
"Milne G.R.";"Villarroel Ordenes F."
"Milne G.R.";"Kaplan B."
"Villarroel Ordenes F.";"Kaplan B."
"Asllani A.";"Halstead D."
"Asllani A.";"Taylor V.A."
"Halstead D.";"Taylor V.A."
"Park K.K.C.";"Kim H.J."
"Capriello A.";"Hassan R."
"Wang F.";"Karimi S."
"Barnes S.J.";"Rutter R."
"Barnes S.J.";"Mattsson J."
"Barnes S.J.";"Sørensen F."
"Rutter R.";"Mattsson J."
"Rutter R.";"Sørensen F."
"Mattsson J.";"Sørensen F."
"Duncan S.Y.";"Pitt C."
"Duncan S.Y.";"Ferguson S.L."
"Duncan S.Y.";"Grant P."
"Pitt C.";"Ferguson S.L."
"Pitt C.";"Grant P."
"Ferguson S.L.";"Grant P."
"Cheng Z.(.";"Pongpatipat C."
"Cheng Z.(.";"Plangger K."
"Cheng Z.(.";"Pitt L."
"Pongpatipat C.";"Plangger K."
"Pongpatipat C.";"Pitt L."
"Plangger K.";"Pitt L."
"Perry P.";"Ashman R."
"Perry P.";"Stalker I.D."
"Ashman R.";"Stalker I.D."
"Sidaoui K.";"Burton J."
"Sidaoui K.";"Theodoulidis B."
"Burton J.";"Theodoulidis B."
"Harrison D.E.";"Ajjan H."
"Boon E.";"Botha E."
"Cheng Z.M.";"Pongpatipat C."
"Cheng Z.M.";"Pitt L."
"Pongpatipat C.";"Pitt L."
"Lappeman J.";"Clark R."
"Lappeman J.";"Evans J."
"Lappeman J.";"Sierra-Rubia L."
"Clark R.";"Evans J."
"Clark R.";"Sierra-Rubia L."
"Evans J.";"Sierra-Rubia L."
"Sann R.";"Chen C.T."
"Sann R.";"Lai P.C."
"Sann R.";"Hu H.H.(."
"Chen C.T.";"Lai P.C."
"Chen C.T.";"Hu H.H.(."
"Lai P.C.";"Hu H.H.(."
"Aggarwal A.G.";"Aakash "
"Pitt C.";"Plangger K."
"Pitt C.";"Eriksson T."
"Plangger K.";"Eriksson T."
"Howarth P.";"Howarth P."
"Dahka Z.Y.";"Hajiheydari N."
"Dahka Z.Y.";"Rouhani S."
"Hajiheydari N.";"Rouhani S."
"Jena R.";"Jena R."
"Kong D.";"Yang J."
"Kong D.";"Duan H."
"Kong D.";"Yang S."
"Yang J.";"Duan H."
"Yang J.";"Yang S."
"Duan H.";"Yang S."
"Buzova D.";"Cervera-Taulet A."
"Buzova D.";"Sanz-Blas S."
"Cervera-Taulet A.";"Sanz-Blas S."
"Berger J.";"Humphreys A."
"Berger J.";"Ludwig S."
"Berger J.";"Moe W.W."
"Berger J.";"Netzer O."
"Berger J.";"Schweidel D.A."
"Humphreys A.";"Ludwig S."
"Humphreys A.";"Moe W.W."
"Humphreys A.";"Netzer O."
"Humphreys A.";"Schweidel D.A."
"Ludwig S.";"Moe W.W."
"Ludwig S.";"Netzer O."
"Ludwig S.";"Schweidel D.A."
"Moe W.W.";"Netzer O."
"Moe W.W.";"Schweidel D.A."
"Netzer O.";"Schweidel D.A."
"Mohan G.";"Gupta V."
"Mohan G.";"Raj A."
"Mohan G.";"Kaur R."
"Gupta V.";"Raj A."
"Gupta V.";"Kaur R."
"Raj A.";"Kaur R."
"Liu X.";"Lee D."
"Liu X.";"Srinivasan K."
"Lee D.";"Srinivasan K."
"Pearson A.";"Pearson A."
"Netzer O.";"Lemaire A."
"Netzer O.";"Herzenstein M."
"Lemaire A.";"Herzenstein M."
"Bhattacharya A.";"Misra S."
"Bhattacharya A.";"Sardashti H."
"Misra S.";"Sardashti H."
"Previte J.";"Robertson N."
"Srivastava V.";"Kalro A.D."
"Aleti T.";"Pallant J.I."
"Aleti T.";"Tuan A."
"Aleti T.";"van Laer T."
"Pallant J.I.";"Tuan A."
"Pallant J.I.";"van Laer T."
"Tuan A.";"van Laer T."
"Paschen J.";"Kietzmann J."
"Paschen J.";"Kietzmann T.C."
"Kietzmann J.";"Kietzmann T.C."
"Letheren K.";"Russell-Bennett R."
"Letheren K.";"Mulcahy R.F."
"Letheren K.";"McAndrew R."
"Russell-Bennett R.";"Mulcahy R.F."
"Russell-Bennett R.";"McAndrew R."
"Mulcahy R.F.";"McAndrew R."
"Kunz W.H.";"Heinonen K."
"Kunz W.H.";"Lemmink J.G.A.M."
"Heinonen K.";"Lemmink J.G.A.M."
"Dotzel T.";"Shankar V."
"Zhang J.";"Zhang J."
"Nikiforova N.D.";"Nikiforova N.D."
"Becagli C.";"Faraoni M."
"Van Laer T.";"Edson Escalas J."
"Van Laer T.";"Ludwig S."
"Van Laer T.";"Van Den Hende E.A."
"Edson Escalas J.";"Ludwig S."
"Edson Escalas J.";"Van Den Hende E.A."
"Ludwig S.";"Van Den Hende E.A."
"Gabel S.";"Guhl D."
"Gabel S.";"Klapper D."
"Guhl D.";"Klapper D."
"Amed S.";"Mukherjee S."
"Amed S.";"Das P."
"Amed S.";"Datta B."
"Mukherjee S.";"Das P."
"Mukherjee S.";"Datta B."
"Das P.";"Datta B."
"Xu F.";"La L."
"Xu F.";"Zhen F."
"Xu F.";"Lobsang T."
"Xu F.";"Huang C."
"La L.";"Zhen F."
"La L.";"Lobsang T."
"La L.";"Huang C."
"Zhen F.";"Lobsang T."
"Zhen F.";"Huang C."
"Lobsang T.";"Huang C."
"Mahr D.";"Stead S."
"Mahr D.";"Odekerken-Schröder G."
"Stead S.";"Odekerken-Schröder G."
"Herhausen D.";"Ludwig S."
"Herhausen D.";"Grewal D."
"Herhausen D.";"Wulf J."
"Herhausen D.";"Schoegel M."
"Ludwig S.";"Grewal D."
"Ludwig S.";"Wulf J."
"Ludwig S.";"Schoegel M."
"Grewal D.";"Wulf J."
"Grewal D.";"Schoegel M."
"Wulf J.";"Schoegel M."
"Huang L.";"Mou J."
"Huang L.";"See-To E.W.K."
"Huang L.";"Kim J."
"Mou J.";"See-To E.W.K."
"Mou J.";"Kim J."
"See-To E.W.K.";"Kim J."
"Rocklage M.";"Rucker D."
"Melumad S.";"Inman J.J."
"Melumad S.";"Pham M.T."
"Inman J.J.";"Pham M.T."
"Costa A.";"Guerreiro J."
"Costa A.";"Moro S."
"Costa A.";"Henriques R."
"Guerreiro J.";"Moro S."
"Guerreiro J.";"Henriques R."
"Moro S.";"Henriques R."
"Chavan G.D.";"Chaudhuri R."
"Chavan G.D.";"Johnston W.J."
"Chaudhuri R.";"Johnston W.J."
"Hartmann J.";"Huppertz J."
"Hartmann J.";"Schamp C."
"Hartmann J.";"Heitmann M."
"Huppertz J.";"Schamp C."
"Huppertz J.";"Heitmann M."
"Schamp C.";"Heitmann M."
"Bilro R.G.";"Loureiro S.M.C."
"Bilro R.G.";"Guerreiro J."
"Loureiro S.M.C.";"Guerreiro J."
"Toubia O.";"Iyengar G."
"Toubia O.";"Bunnell R."
"Toubia O.";"Lemaire A."
"Iyengar G.";"Bunnell R."
"Iyengar G.";"Lemaire A."
"Bunnell R.";"Lemaire A."
"Ordenes F.V.";"Grewal D."
"Ordenes F.V.";"Ludwig S."
"Ordenes F.V.";"Ruyter K.D."
"Ordenes F.V.";"Mahr D."
"Ordenes F.V.";"Wetzels M."
"Grewal D.";"Ludwig S."
"Grewal D.";"Ruyter K.D."
"Grewal D.";"Mahr D."
"Grewal D.";"Wetzels M."
"Ludwig S.";"Ruyter K.D."
"Ludwig S.";"Mahr D."
"Ludwig S.";"Wetzels M."
"Ruyter K.D.";"Mahr D."
"Ruyter K.D.";"Wetzels M."
"Mahr D.";"Wetzels M."
"Gunasekar S.";"Sudhakar S."
"Garg R.";"Brockett P."
"Garg R.";"Golden L.L."
"Garg R.";"Zhang Y."
"Brockett P.";"Golden L.L."
"Brockett P.";"Zhang Y."
"Golden L.L.";"Zhang Y."
"Golden L.L.";"Bravo M."
"Golden L.L.";"Brocket P."
"Golden L.L.";"Emrich C."
"Golden L.L.";"Gamble A."
"Golden L.L.";"Garg R."
"Golden L.L.";"Jones C."
"Golden L.L.";"Peterson R.A."
"Golden L.L.";"Phillips P."
"Golden L.L.";"Nance P."
"Golden L.L.";"Walch A."
"Golden L.L.";"Zhang Y."
"Bravo M.";"Brocket P."
"Bravo M.";"Emrich C."
"Bravo M.";"Gamble A."
"Bravo M.";"Garg R."
"Bravo M.";"Jones C."
"Bravo M.";"Peterson R.A."
"Bravo M.";"Phillips P."
"Bravo M.";"Nance P."
"Bravo M.";"Walch A."
"Bravo M.";"Zhang Y."
"Brocket P.";"Emrich C."
"Brocket P.";"Gamble A."
"Brocket P.";"Garg R."
"Brocket P.";"Jones C."
"Brocket P.";"Peterson R.A."
"Brocket P.";"Phillips P."
"Brocket P.";"Nance P."
"Brocket P.";"Walch A."
"Brocket P.";"Zhang Y."
"Emrich C.";"Gamble A."
"Emrich C.";"Garg R."
"Emrich C.";"Jones C."
"Emrich C.";"Peterson R.A."
"Emrich C.";"Phillips P."
"Emrich C.";"Nance P."
"Emrich C.";"Walch A."
"Emrich C.";"Zhang Y."
"Gamble A.";"Garg R."
"Gamble A.";"Jones C."
"Gamble A.";"Peterson R.A."
"Gamble A.";"Phillips P."
"Gamble A.";"Nance P."
"Gamble A.";"Walch A."
"Gamble A.";"Zhang Y."
"Garg R.";"Jones C."
"Garg R.";"Peterson R.A."
"Garg R.";"Phillips P."
"Garg R.";"Nance P."
"Garg R.";"Walch A."
"Garg R.";"Zhang Y."
"Jones C.";"Peterson R.A."
"Jones C.";"Phillips P."
"Jones C.";"Nance P."
"Jones C.";"Walch A."
"Jones C.";"Zhang Y."
"Peterson R.A.";"Phillips P."
"Peterson R.A.";"Nance P."
"Peterson R.A.";"Walch A."
"Peterson R.A.";"Zhang Y."
"Phillips P.";"Nance P."
"Phillips P.";"Walch A."
"Phillips P.";"Zhang Y."
"Nance P.";"Walch A."
"Nance P.";"Zhang Y."
"Walch A.";"Zhang Y."
"Calciu M.";"Moulins J.L."
"Calciu M.";"Salerno F."
"Moulins J.L.";"Salerno F."
"Kauffmann E.";"Peral J."
"Kauffmann E.";"Gil D."
"Kauffmann E.";"Ferrández A."
"Kauffmann E.";"Sellers R."
"Kauffmann E.";"Mora H."
"Peral J.";"Gil D."
"Peral J.";"Ferrández A."
"Peral J.";"Sellers R."
"Peral J.";"Mora H."
"Gil D.";"Ferrández A."
"Gil D.";"Sellers R."
"Gil D.";"Mora H."
"Ferrández A.";"Sellers R."
"Ferrández A.";"Mora H."
"Sellers R.";"Mora H."
"Somers D.";"Somers D."
"Timoshenko A.";"Hauser J.R."
"Gomes R.F.";"Casais B."
"Nave M.";"Rita P."
"Nave M.";"Guerreiro J."
"Rita P.";"Guerreiro J."
"Balducci B.";"Marinova D."
"Chakrabarti S.";"Trehan D."
"Chakrabarti S.";"Makhija M."
"Trehan D.";"Makhija M."
"Rambocas M.";"Pacheco B.G."
"Albert N.";"Thomson M."
"Humphreys A.";"Wang R.J.H."
"Chen S.";"Vidden C."
"Chen S.";"Nelson N."
"Chen S.";"Vriens M."
"Vidden C.";"Nelson N."
"Vidden C.";"Vriens M."
"Nelson N.";"Vriens M."
"Sotolongo N.";"Copulsky J."
"Liu X.";"Burns A.C."
"Treen E.";"Money A."
"Kampani J.";"Archer-Brown C."
"Kampani J.";"Hang H."
"Archer-Brown C.";"Hang H."
"Luna-Nevarez C.";"Luna-Nevarez C."
"Chang Y.Y.";"Chang Y.Y."
"Gurviez P.";"Besson M."
"Gurviez P.";"Blumenthal D."
"Besson M.";"Blumenthal D."
"Jain V.";"Merchant A."
"Jain V.";"Deshmukh S."
"Jain V.";"Ganesh B.E."
"Merchant A.";"Deshmukh S."
"Merchant A.";"Ganesh B.E."
"Deshmukh S.";"Ganesh B.E."
"Treen E.";"Grant P."
"Treen E.";"Van Heerden G."
"Treen E.";"Vella J."
"Treen E.";"Botha E."
"Treen E.";"Chan A."
"Grant P.";"Van Heerden G."
"Grant P.";"Vella J."
"Grant P.";"Botha E."
"Grant P.";"Chan A."
"Van Heerden G.";"Vella J."
"Van Heerden G.";"Botha E."
"Van Heerden G.";"Chan A."
"Vella J.";"Botha E."
"Vella J.";"Chan A."
"Botha E.";"Chan A."
"Chakraborty U.";"Bhat S."
"Cho Y.J.";"Fu P.W."
"Cho Y.J.";"Wu C.C."
"Fu P.W.";"Wu C.C."
"Calheiros A.C.";"Moro S."
"Calheiros A.C.";"Rita P."
"Moro S.";"Rita P."
"Nam H.";"Joshi Y.V."
"Nam H.";"Kannan P.K."
"Joshi Y.V.";"Kannan P.K."
"Tussyadiah I.P.";"Zach F."
"Kim M.";"Xiong G."
"Kim M.";"Kim K.H."
"Xiong G.";"Kim K.H."
"Ordenes F.V.";"Ludwig S."
"Ordenes F.V.";"De Ruyter K."
"Ordenes F.V.";"Grewal D."
"Ordenes F.V.";"Wetzels M."
"Ludwig S.";"De Ruyter K."
"Ludwig S.";"Grewal D."
"Ludwig S.";"Wetzels M."
"De Ruyter K.";"Grewal D."
"De Ruyter K.";"Wetzels M."
"Grewal D.";"Wetzels M."
"Moon S.";"Kamakura W.A."
"Zhang Y.";"Moe W."
"Zhang Y.";"Schweidel D."
"Moe W.";"Schweidel D."
"Bigné E.";"Andreu L."
"Bigné E.";"Oltra E."
"Andreu L.";"Oltra E."
"Fresneda J.";"Gefen D."
"Afolabi I.T.";"Ezenwoke A.A."
"Afolabi I.T.";"Ayo C.K."
"Ezenwoke A.A.";"Ayo C.K."
"Toubia O.";"Netzer O."
"Buzova D.";"Sanz-Blas S."
"Buzova D.";"Cervera-Taulet A."
"Sanz-Blas S.";"Cervera-Taulet A."
"Singh V.K.";"Nishant R."
"Singh V.K.";"Kitchen P.J."
"Nishant R.";"Kitchen P.J."
"Büschken J.";"Allenby G."
"Felbermayr A.";"Nanopoulos A."
"Liu X.";"Singh P.V."
"Liu X.";"Srinivasan K."
"Singh P.V.";"Srinivasan K."
"Coussement K.";"De Bock K.W."
"Coussement K.";"Neslin S.A."
"De Bock K.W.";"Neslin S.A."
"Ludwig S.";"de Ruyter K."
"Berezina K.";"Bilgihan A."
"Berezina K.";"Cobanoglu C."
"Berezina K.";"Okumus F."
"Bilgihan A.";"Cobanoglu C."
"Bilgihan A.";"Okumus F."
"Cobanoglu C.";"Okumus F."
"Johnston M.A.";"Spais G.S."
"Moon S.";"Mishra A."
"Moon S.";"Mishra H."
"Moon S.";"Kang M.Y."
"Mishra A.";"Mishra H."
"Mishra A.";"Kang M.Y."
"Mishra H.";"Kang M.Y."
"Sotnikova O.A.";"Sotnikova O.A."
"Li Y.R.";"Lin Y.C."
"Li Y.R.";"Tsai P.H."
"Li Y.R.";"Wang Y.Y."
"Lin Y.C.";"Tsai P.H."
"Lin Y.C.";"Wang Y.Y."
"Tsai P.H.";"Wang Y.Y."
"Wang X.S.";"Bendle N.T."
"Wang X.S.";"Mai F."
"Wang X.S.";"Cotte J."
"Bendle N.T.";"Mai F."
"Bendle N.T.";"Cotte J."
"Mai F.";"Cotte J."
"Young L.";"Wilkinson I."
"Young L.";"Smith A."
"Wilkinson I.";"Smith A."
"Van Auken S.";"Van Auken S."
"Tang C.";"Guo L."
"Vigar-Ellis D.";"Hall D."
"Patil V.H.";"Patil V.H."
"Puiu Y.V.";"Puiu D.A."
"Puiu Y.V.";"Sablin I.V."
"Puiu Y.V.";"Georgieva E.S."
"Puiu Y.V.";"Bykov A.Y."
"Puiu D.A.";"Sablin I.V."
"Puiu D.A.";"Georgieva E.S."
"Puiu D.A.";"Bykov A.Y."
"Sablin I.V.";"Georgieva E.S."
"Sablin I.V.";"Bykov A.Y."
"Georgieva E.S.";"Bykov A.Y."
"Williams N.";"Inversini A."
"Williams N.";"Buhalis D."
"Williams N.";"Ferdinand N."
"Inversini A.";"Buhalis D."
"Inversini A.";"Ferdinand N."
"Buhalis D.";"Ferdinand N."
"Neudecker N.";"Esch F.R."
"Neudecker N.";"Schaefers T."
"Neudecker N.";"Valussi S."
"Esch F.R.";"Schaefers T."
"Esch F.R.";"Valussi S."
"Schaefers T.";"Valussi S."
"Ball L.";"Elworthy J."
"Huber J.";"Kamakura W."
"Huber J.";"Mela C.F."
"Kamakura W.";"Mela C.F."
"Suzuki T.";"Gemba K."
"Suzuki T.";"Aoyama A."
"Gemba K.";"Aoyama A."
"Camiciottoli B.C.";"Ranfagni S."
"Camiciottoli B.C.";"Guercini S."
"Ranfagni S.";"Guercini S."
"Moon S.";"Park Y."
"Moon S.";"Kim Y."
"Park Y.";"Kim Y."
"Rese A.";"Schreiber S."
"Rese A.";"Baier D."
"Schreiber S.";"Baier D."
"Nguyen C.";"Romaniuk J."
"Lee C.C.";"Hu C."
"McKeage K.K.";"Gulas C.S."
"Webber R.";"Stroud D."
"Quek G.C.";"Ling P."
"Saboo A.R.";"Grewal R."
"Ludwig S.";"De Ruyter K."
"Ludwig S.";"Friedman M."
"Ludwig S.";"Brüggen E.C."
"Ludwig S.";"Wetzels M."
"Ludwig S.";"Pfann G."
"De Ruyter K.";"Friedman M."
"De Ruyter K.";"Brüggen E.C."
"De Ruyter K.";"Wetzels M."
"De Ruyter K.";"Pfann G."
"Friedman M.";"Brüggen E.C."
"Friedman M.";"Wetzels M."
"Friedman M.";"Pfann G."
"Brüggen E.C.";"Wetzels M."
"Brüggen E.C.";"Pfann G."
"Wetzels M.";"Pfann G."
"Ueda T.";"Ueda T."
"Onishi H.";"Manchanda P."
"Netzer O.";"Feldman R."
"Netzer O.";"Goldenberg J."
"Netzer O.";"Fresko M."
"Feldman R.";"Goldenberg J."
"Feldman R.";"Fresko M."
"Goldenberg J.";"Fresko M."
"Ghose A.";"Ipeirotis P.G."
"Ghose A.";"Li B."
"Ipeirotis P.G.";"Li B."
"Pehlivan E.";"Sarican F."
"Pehlivan E.";"Berthon P."
"Sarican F.";"Berthon P."
"Breur T.";"Breur T."
"Anderson T.";"Anderson T."
"Lee M.J.";"Singh N."
"Lee M.J.";"Chan E.S.W."
"Singh N.";"Chan E.S.W."
"Singh S.N.";"Hillmer S."
"Singh S.N.";"Wang Z."
"Hillmer S.";"Wang Z."
"Lee T.Y.";"Bradlow E.T."
"Dahl S.";"Dahl S."
"Decker R.";"Trusov M."
"Leventhal B.";"Leventhal B."
"Mora P.";"Moscarola J."
"Tosey P.";"Mathison J."
"Harding J.";"Szakacs J."
"Harding J.";"Parry B."
"Szakacs J.";"Parry B."
"Rickman T.";"Cosenza R."
"Woodside A.G.";"Pattinson H.M."
"Woodside A.G.";"Miller K.E."
"Pattinson H.M.";"Miller K.E."
"Lee C.";"Hu C."
"Mattsson J.";"Helmersson H."
"Leong E.K.F.";"Ewing M.T."
"Leong E.K.F.";"Pitt L.F."
"Ewing M.T.";"Pitt L.F."
"Sinkovics R.R.";"Holzmuller H.H."
"Nancarrow C.";"Penn S."
"Nancarrow C.";"Moskvin A."
"Nancarrow C.";"Shankar A."
"Moskvin A.";"Shankar A."
"Dowling G.";"Kabanoff B."
